SNN,ORK,CDG,SIN,MAN,SNN,Total cost: 19771.05
BOS,ORD,SFO,DFW,ATL,BOS,Total cost: 8920.45
SNN,ORK,CDG,SIN,MAN,SNN,Total cost: 19771.05
BOS,ORD,SFO,DFW,ATL,BOS,Total cost: 8920.45
SNN,ORK,CDG,SIN,MAN,SNN,Total cost: 19771.05
BOS,ORD,SFO,DFW,ATL,BOS,Total cost: 8920.45
SNN,ORK,CDG,SIN,MAN,SNN,Total cost: 19771.05
BOS,ORD,SFO,DFW,ATL,BOS,Total cost: 8920.45
SNN,ORK,CDG,SIN,MAN,SNN,Total cost: 19771.05
BOS,ORD,SFO,DFW,ATL,BOS,Total cost: 8920.45
SNN,ORK,CDG,SIN,MAN,SNN,Total cost: 19771.05
BOS,ORD,SFO,DFW,ATL,BOS,Total cost: 8920.45
SNN,ORK,CDG,SIN,MAN,SNN,Total cost: 19771.05
BOS,ORD,SFO,DFW,ATL,BOS,Total cost: 8920.45
SNN,ORK,CDG,SIN,MAN,SNN,Total cost: 19771.05
BOS,ORD,SFO,DFW,ATL,BOS,Total cost: 8920.45
